<?xml version="1.0" encoding="UTF-8"?>
<expression>
    <plus>
        <int value="5"/>
        <int value="10"/>
        <times>
            <int value="3"/>
            <minus>
                <int value="4"/>
                <plus>
                  <int value="-1000"/>
                    <plus>
                        <int value="-1000"/>
                        <int value="999"/>                   
                    </plus>                  
                </plus>
            </minus>
        </times>
    </plus>
</expression>
