<?xml version="1.0" encoding="UTF-8"?>
<dltheory xmlns="http://www.cs.manchester.ac.uk/pgt/COMP60411/el"
    xmlns:el="http://www.cs.manchester.ac.uk/pgt/COMP60411/el"
    xmlns:xsi="http://www.w3.org/2001/XMLSchema-instance"
    xsi:schemaLocation="http://www.cs.manchester.ac.uk/pgt/COMP60411/el
    el.xsd">
    <author>Bijan Parsia</author>
    <last-revised-on>2019-08-10</last-revised-on>


    <comment>This is ax axiom that states that Sally is a human.</comment>
    <instance-of>
        <constant name="sally"/>
        <atomic name="Human"/>
    </instance-of>

    <comment>This is an axiom that states that Humans are mammals.</comment>
    <web-source>http://en.wikipedia.org/wiki/Human</web-source>
    <subsumes>
        <atomic name="Human"/>
        <atomic name="Mammal"/>
    </subsumes>

    <subsumes>
        <atomic name="Mammal"/>
        <atomic name="Animal"/>
    </subsumes>

    <subsumes>
        <atomic name="Animal"/>
        <atomic name="LivingThing"/>
    </subsumes>

    <comment>This is an axiom stating that things having a human parent are humans.</comment>
    <subsumes>
        <exists prop="hasParent">
            <atomic name="Human"/>
        </exists>
        <atomic name="Human"/>
    </subsumes>

    <comment>This is an axiom stating that every human has a male 
        human parent and a female human parent. It uses some nice nested class expressions.</comment>
    <subsumes>
        <atomic name="Human"/>
        <conjunction>
            <exists prop="hasParent">
                <conjunction>
                    <conjunction>
                        <atomic name="Human"/>
                        <exists prop="hasSex">
                            <atomic name="Male"/>
                        </exists>
                    </conjunction>
                </conjunction>
            </exists>
            <exists prop="hasParent">
                <conjunction>
                    <conjunction>
                        <atomic name="Human"/>
                        <exists prop="hasSex">
                            <atomic name="Female"/>
                        </exists>
                    </conjunction>
                </conjunction>
            </exists>
        </conjunction>
    </subsumes>

    <web-source>https://en.wikipedia.org/wiki/Animal</web-source>
    <equivalent>
        <atomic name="Animal"/>
        <exists prop="hasParent">
            <atomic name="Thing"/>
        </exists>
    </equivalent>

    <comment>This is true in common discussion, at least.</comment>
    <equivalent>
        <atomic name="Human"/>
        <atomic name="HomoSapiens"/>
    </equivalent>

    <instance-of>
        <constant name="sheeva"/>
        <atomic name="Human"/>
    </instance-of>

    <related-to prop="hasParent">
        <constant name="sheeva"/>
        <constant name="sally"/>
    </related-to>

    <related-to prop="hasParent">
        <constant name="sheeva"/>
        <constant name="bob"/>
    </related-to>
</dltheory>
