{
  "person": [
    {
      "ID": 1,
      "name": {
        "first": "Aleshia",
        "last": "Tomkiewicz",
        "others": ""
      },
      "address": "14 Taylor St",
      "city": "St. Stephens Ward",
      "county": "Kent",
      "postal": "CT2 7PP",
      "phone": {
        "phone1": "01835-703597",
        "phone2": "01944-369967",
        "phone3": ""
      },
      "email": "atomkiewicz@hotmail.com"
    },
    {
      "ID": 2,
      "name": {
        "first": "Evan",
        "last": "Zigomalas",
        "others": ""
      },
      "address": "14 Taylor St",
      "city": "St. Stephens Ward",
      "county": "Kent",
      "postal": "CT2 7PP",
      "phone": {
        "phone1": "01937-864715",
        "phone2": "01714-737668",
        "phone3": ""
      },
      "email": "evan.zigomalas@gmail.com"
    },
    {
      "ID": 3,
      "name": {
        "first": "France",
        "last": "Andrade",
        "others": ""
      },
      "address": "14 Taylor St",
      "city": "St. Stephens Ward",
      "county": "Kent",
      "postal": "CT2 7PP",
      "phone": {
        "phone1": "01347-368222",
        "phone2": "01935-821636",
        "phone3": ""
      },
      "email": "france.andrade@hotmail.com"
    },
    {
      "ID": 4,
      "name": {
        "first": "Ulysses",
        "last": "Mcwalters",
        "others": ""
      },
      "address": "14 Taylor St",
      "city": "St. Stephens Ward",
      "county": "Kent",
      "postal": "CT2 7PP",
      "phone": {
        "phone1": "01912-771311",
        "phone2": "01302-601380",
        "phone3": ""
      },
      "email": "ulysses@hotmail.com"
    }
  ]
}